name;aa;psi;psi_sd
PARK2_1_24;MIVFVRFNSSHGFPVEVDSDTSIF;1.08008509686826;0.0828152981230452
PARK2_13_36;FPVEVDSDTSIFQLKEVVAKRQGV;3.73955906052506;0.0651797808432183
PARK2_25_48;QLKEVVAKRQGVPADQLRVIFAGK;2.87733621745736;0.243405350529836
PARK2_37_60;PADQLRVIFAGKELRNDWTVQNCD;2.85334394509218;0.0458567502218743
PARK2_49_72;ELRNDWTVQNCDLDQQSIVHIVQR;2.74113390978536;0.0702193234944584
PARK2_61_84;LDQQSIVHIVQRPWRKGQEMNATG;2.29790531377374;0.102285085764852
PARK2_73_96;PWRKGQEMNATGGDDPRNAAGGCE;3.5021052241651;0.0657329615116208
PARK2_85_108;GDDPRNAAGGCEREPQSLTRVDLS;3.84659676388278;0.0575046808578532
PARK2_97_120;REPQSLTRVDLSSSVLPGDSVGLA;3.33980448976886;0.120115572131913
PARK2_109_132;SSVLPGDSVGLAVILHTDSRKDSP;3.60105590405906;0.0833194495360547
PARK2_121_144;VILHTDSRKDSPPAGSPAGRSIYN;3.20251767110968;0.101885345334142
PARK2_133_156;PAGSPAGRSIYNSFYVYCKGPCQR;2.12244623671116;0.0217458544982707
PARK2_145_168;SFYVYCKGPCQRVQPGKLRVQCST;1.18067459959686;0.197152415420398
PARK2_157_180;VQPGKLRVQCSTCRQATLTLTQGP;2.2521352364775;0.0415606707881858
PARK2_169_192;CRQATLTLTQGPSCWDDVLIPNRM;1.47646185772132;0.199348428518144
PARK2_181_204;SCWDDVLIPNRMSGECQSPHCPGT;3.5485696389683;0.103487846045432
PARK2_193_216;SGECQSPHCPGTSAEFFFKCGAHP;3.33069068763218;0.176605577306408
PARK2_205_228;SAEFFFKCGAHPTSDKETSVALHL;2.84661905978662;0.055547777066194
PARK2_217_240;TSDKETSVALHLIATNSRNITCIT;1.8258393382483;0.0232079338995464
PARK2_229_252;IATNSRNITCITCTDVRSPVLVFQ;1.14580295358607;0.0915793700466435
PARK2_241_264;CTDVRSPVLVFQCNSRHVICLDCF;1.5067819347942;0.114751534272383
PARK2_253_276;CNSRHVICLDCFHLYCVTRLNDRQ;1.14446236964085;0.057630597101884
PARK2_265_288;HLYCVTRLNDRQFVHDPQLGYSLP;1.93712340003383;0.0245161675937522
PARK2_277_300;FVHDPQLGYSLPCVAGCPNSLIKE;2.96808890212388;0.0288942309386835
PARK2_289_312;CVAGCPNSLIKELHHFRILGEEQY;2.22375407458828;0.104628998603941
PARK2_301_324;LHHFRILGEEQYNRYQQYGAEECV;1.9973051813922;0.0201710337787435
PARK2_313_336;NRYQQYGAEECVLQMGGVLCPRPG;1.48942268128658;0.161986880335673
PARK2_325_348;LQMGGVLCPRPGCGAGLLPEPDQR;3.71610135358203;0.063522591041531
PARK2_337_360;CGAGLLPEPDQRKVTCEGGNGLGC;3.49415785854168;0.0544446089510446
PARK2_349_372;KVTCEGGNGLGCGFAFCRECKEAY;2.98313193948717;0.0975765240760222
PARK2_361_384;GFAFCRECKEAYHEGECSAVFEAS;3.52083532239798;0.0588889336718733
PARK2_373_396;HEGECSAVFEASGTTTQAYRVDER;3.78748746835023;0.0854400502314845
PARK2_385_408;GTTTQAYRVDERAAEQARWEAASK;3.51653093562111;0.0725988619988237
PARK2_397_420;AAEQARWEAASKETIKKTTKPCPR;3.70512576616253;0.0764303543875457
PARK2_409_432;ETIKKTTKPCPRCHVPVEKNGGCM;3.09679649088297;0.0921014956577201
PARK2_421_444;CHVPVEKNGGCMHMKCPQPQCRLE;2.76641974981374;0.0424379594930019
PARK2_433_456;HMKCPQPQCRLEWCWNCGCEWNRV;1.54688849094299;0.0738459090619823
PARK2_442_465;RLEWCWNCGCEWNRVCMGDHWFDV;1.72793078763627;0.0659869856343873
APPY_WT_1;CALLQSRLLLSAPRRAAATARY**;1.30307792916615;0.199978757385576
APPY_RAAA_1;CALLQSRAAASAPRRAAATARY**;1.56219574931973;0.123764036785723
APPY_DAAA_1;CALLQSDAAASAPRRAAATARY**;2.19353997258105;0.145061558357864
